Issue ID,Issue Type,Parent,Summary,Description,Priority,Labels,Acceptance Criteria,Accountable Role
GD-EPIC-01,Epic,,Northstar governed implementation delivery,Deliver the synthetic quality-insights implementation through governed intake validation build UAT launch and stabilization,Highest,governed-delivery;synthetic-demo,All mandatory blockers resolved and launch authority records Go decision,Implementation Lead
GD-STORY-01,Story,GD-EPIC-01,Resolve incomplete intake and ownership,Confirm unresolved decisions owners due dates and evidence before build completion,Highest,intake;governance,Decision log contains recipient destination API auth retention rollback and risk acceptor decisions,Implementation Lead
GD-TASK-01,Task,GD-STORY-01,Confirm production recipient allowlist,Obtain approved recipients service accounts destination and allowlist confirmation,Highest,launch-blocker;evidence,Customer and security owners approve exact production configuration,Customer Owner
GD-TASK-02,Task,GD-STORY-01,Assign rollback and residual-risk owners,Document named authority and acceptance path,High,launch-blocker;ownership,Named owners accept responsibility in decision log,Launch Authority
GD-STORY-02,Story,GD-EPIC-01,Complete platform and access controls,Define controls for Snowflake dbt MFT Power BI and REST API,Highest,platform-profile;security,Architecture and access evidence approved,Engineering Owner
GD-TASK-03,Task,GD-STORY-02,Approve API authentication model,Select approved authentication authorization token rotation and audit pattern,Highest,security;api,Security reviewer records approval or time-bound exception,Security Reviewer
GD-TASK-04,Task,GD-STORY-02,Validate managed file-transfer destination,Test destination permissions encryption filename schedule and receipt,Highest,mft;delivery-control,Test transfer arrives only at approved destination and receipt is recorded,Engineering Owner
GD-STORY-03,Story,GD-EPIC-01,Validate data and reconciliation,Test synthetic source transformation dashboard API and file outputs,High,data-quality;uat,All critical scenarios pass and approved variances are documented,Data Owner
GD-TASK-05,Task,GD-STORY-03,Execute row-count and metric reconciliation,Compare source model dashboard API and file totals,High,reconciliation;evidence,Totals match within approved tolerance and transformation versions align,Data Owner
GD-TASK-06,Task,GD-STORY-03,Execute negative and recovery tests,Test invalid input access denial failed transfer rerun and rollback,High,uat;recovery,Expected errors alerts incidents and recovery behavior are observed,Implementation Lead
GD-STORY-04,Story,GD-EPIC-01,Run evidence-based launch review,Assemble readiness blockers evidence risks approvals and rollback status,Highest,launch-readiness;go-no-go,Launch authority records Go or No-Go with evidence and residual risk,Launch Authority
GD-TASK-07,Task,GD-STORY-04,Publish launch decision packet,Create final summary and stakeholder communication,High,communication;evidence,Decision packet links approved evidence and names decision owners,Implementation Lead
GD-STORY-05,Story,GD-EPIC-01,Stabilize and learn after launch,Monitor delivery incidents data quality adoption and recurring friction,Medium,post-launch;operations,Post-launch review produces owned permanent improvements,Implementation Lead
